{"cameraMode":{"drawMode":0,"name":"Shaded","section":"Shading Mode"},"sceneLighting":false,"audioPlay":false,"sceneViewState":{"m_AlwaysRefresh":false,"showFog":true,"showSkybox":false,"showFlares":true,"showImageEffects":true,"showParticleSystems":true,"showVisualEffectGraphs":true,"m_FxEnabled":true},"in2DMode":false,"pivot":{"x":0.07393357902765274,"y":1.3912056684494019,"z":-0.11677204072475434},"rotation":{"x":0.04876774176955223,"y":-0.925782322883606,"z":0.12815921008586884,"w":0.35228362679481509},"size":1.9603173732757569,"orthographic":false}