{"cameraMode":{"drawMode":0,"name":"Shaded","section":"Shading Mode"},"sceneLighting":false,"audioPlay":false,"sceneViewState":{"m_AlwaysRefresh":false,"showFog":true,"showSkybox":false,"showFlares":true,"showImageEffects":true,"showParticleSystems":true,"showVisualEffectGraphs":true,"m_FxEnabled":true},"in2DMode":false,"pivot":{"x":2.155160903930664,"y":3.4982123374938967,"z":1.2770036458969117},"rotation":{"x":0.08048083633184433,"y":-0.8321676254272461,"z":0.12539488077163697,"w":0.5341047644615173},"size":3.6085002422332765,"orthographic":false}