{"cameraMode":{"drawMode":0,"name":"Shaded","section":"Shading Mode"},"sceneLighting":false,"audioPlay":false,"sceneViewState":{"m_AlwaysRefresh":false,"showFog":true,"showSkybox":false,"showFlares":true,"showImageEffects":true,"showParticleSystems":true,"showVisualEffectGraphs":true,"m_FxEnabled":true},"in2DMode":false,"pivot":{"x":0.039999961853027347,"y":2.5699996948242189,"z":-0.7999999523162842},"rotation":{"x":0.08837875723838806,"y":-0.7069105505943298,"z":0.08976785838603974,"w":0.6959784626960754},"size":3.8299999237060549,"orthographic":false}