{"cameraMode":{"drawMode":0,"name":"Shaded","section":"Shading Mode"},"sceneLighting":false,"audioPlay":false,"sceneViewState":{"m_AlwaysRefresh":false,"showFog":true,"showSkybox":false,"showFlares":true,"showImageEffects":true,"showParticleSystems":true,"showVisualEffectGraphs":true,"m_FxEnabled":true},"in2DMode":false,"pivot":{"x":-1.5534486770629883,"y":0.9009624719619751,"z":-0.7287006974220276},"rotation":{"x":0.11870446056127548,"y":-0.7793072462081909,"z":0.15538564324378968,"w":0.595335066318512},"size":3.8299999237060549,"orthographic":false}