{"cameraMode":{"drawMode":0,"name":"Shaded","section":"Shading Mode"},"sceneLighting":false,"audioPlay":false,"sceneViewState":{"m_AlwaysRefresh":false,"showFog":true,"showSkybox":false,"showFlares":true,"showImageEffects":true,"showParticleSystems":true,"showVisualEffectGraphs":true,"m_FxEnabled":true},"in2DMode":false,"pivot":{"x":-0.00013685226440429688,"y":1.6758477687835694,"z":0.03881120681762695},"rotation":{"x":0.049718018621206287,"y":-0.9096397161483765,"z":0.11412461847066879,"w":0.3962838649749756},"size":2.7356808185577394,"orthographic":false}