{"cameraMode":{"drawMode":0,"name":"Shaded","section":"Shading Mode"},"sceneLighting":false,"audioPlay":false,"sceneViewState":{"m_AlwaysRefresh":false,"showFog":true,"showSkybox":false,"showFlares":true,"showImageEffects":true,"showParticleSystems":true,"showVisualEffectGraphs":true,"m_FxEnabled":true},"in2DMode":false,"pivot":{"x":-6.595240116119385,"y":3.2974486351013185,"z":-0.6535267233848572},"rotation":{"x":0.1685551404953003,"y":0.6343086957931519,"z":-0.14438311755657197,"w":0.7405008673667908},"size":0.003443758701905608,"orthographic":false}